{"cameraMode":{"drawMode":0,"name":"Shaded","section":"Shading Mode"},"sceneLighting":false,"audioPlay":false,"sceneViewState":{"showFog":true,"showMaterialUpdate":true,"showSkybox":false,"showFlares":true,"showImageEffects":true,"showParticleSystems":true,"showVisualEffectGraphs":true,"m_FxEnabled":true},"in2DMode":false,"pivot":{"x":-5.9972734451293949,"y":-4.9957075119018559,"z":-0.017428040504455568},"rotation":{"x":0.023098450154066087,"y":-0.005697906482964754,"z":0.00011761805217247456,"w":0.9997333288192749},"size":0.9131743311882019,"orthographic":false}