{"cameraMode":{"drawMode":0,"name":"Shaded","section":"Shading Mode"},"sceneLighting":false,"audioPlay":false,"sceneViewState":{"showFog":true,"showMaterialUpdate":true,"showSkybox":false,"showFlares":true,"showImageEffects":true,"showParticleSystems":true,"showVisualEffectGraphs":true,"m_FxEnabled":true},"in2DMode":false,"pivot":{"x":-3.674445152282715,"y":-2.1154279708862306,"z":1.3052737712860108},"rotation":{"x":0.21577373147010804,"y":0.011716991662979126,"z":-0.0025894022546708585,"w":0.9763700366020203},"size":4.941993236541748,"orthographic":false}