{"cameraMode":{"drawMode":0,"name":"Shaded","section":"Shading Mode"},"sceneLighting":false,"audioPlay":false,"sceneViewState":{"showFog":true,"showMaterialUpdate":true,"showSkybox":false,"showFlares":true,"showImageEffects":true,"showParticleSystems":true,"showVisualEffectGraphs":true,"m_FxEnabled":true},"in2DMode":false,"pivot":{"x":5.75661039352417,"y":-2.038421392440796,"z":-0.052013397216796878},"rotation":{"x":0.04947970435023308,"y":-0.001498123281635344,"z":0.00007421814370900393,"w":0.9987746477127075},"size":52.809078216552737,"orthographic":false}