{"cameraMode":{"drawMode":0,"name":"Shaded","section":"Shading Mode"},"sceneLighting":false,"audioPlay":false,"sceneViewState":{"showFog":true,"showMaterialUpdate":true,"showSkybox":false,"showFlares":true,"showImageEffects":true,"showParticleSystems":true,"showVisualEffectGraphs":true,"m_FxEnabled":true},"in2DMode":false,"pivot":{"x":0.9543341994285584,"y":-0.18434149026870728,"z":0.4036670923233032},"rotation":{"x":0.11520179361104965,"y":-0.02681736834347248,"z":0.003112122183665633,"w":0.9929793477058411},"size":3.6469621658325197,"orthographic":false}