{"cameraMode":{"drawMode":0,"name":"Shaded","section":"Shading Mode"},"sceneLighting":true,"audioPlay":false,"sceneViewState":{"showFog":true,"showMaterialUpdate":true,"showSkybox":true,"showFlares":true,"showImageEffects":true,"showParticleSystems":true,"showVisualEffectGraphs":true,"m_FxEnabled":true},"in2DMode":false,"pivot":{"x":-60.46930694580078,"y":105.71122741699219,"z":-22.971399307250978},"rotation":{"x":0.34303972125053408,"y":-0.46126270294189455,"z":0.19938327372074128,"w":0.7936040163040161},"size":34.065643310546878,"orthographic":false}