{"cameraMode":{"drawMode":0,"name":"Shaded","section":"Shading Mode"},"sceneLighting":true,"audioPlay":false,"sceneViewState":{"showFog":true,"showMaterialUpdate":true,"showSkybox":true,"showFlares":true,"showImageEffects":true,"showParticleSystems":true,"showVisualEffectGraphs":true,"m_FxEnabled":true},"in2DMode":false,"pivot":{"x":66.81378173828125,"y":11.503000259399414,"z":-13.233243942260743},"rotation":{"x":-0.21973450481891633,"y":-0.03656085208058357,"z":0.008241686969995499,"w":-0.974843442440033},"size":12.512212753295899,"orthographic":false}