{"cameraMode":{"drawMode":0,"name":"Shaded","section":"Shading Mode"},"sceneLighting":true,"audioPlay":false,"sceneViewState":{"showFog":true,"showMaterialUpdate":true,"showSkybox":true,"showFlares":true,"showImageEffects":true,"showParticleSystems":true,"showVisualEffectGraphs":true,"m_FxEnabled":true},"in2DMode":false,"pivot":{"x":-10.719011306762696,"y":87.77413940429688,"z":-1.9433403015136719},"rotation":{"x":-0.08120990544557572,"y":-0.005992965307086706,"z":0.0005407787393778563,"w":-0.9967117309570313},"size":10.853897094726563,"orthographic":false}