{"cameraMode":{"drawMode":0,"name":"Shaded","section":"Shading Mode"},"sceneLighting":true,"audioPlay":false,"sceneViewState":{"showFog":true,"showMaterialUpdate":true,"showSkybox":true,"showFlares":true,"showImageEffects":true,"showParticleSystems":true,"showVisualEffectGraphs":true,"m_FxEnabled":true},"in2DMode":false,"pivot":{"x":57.01652526855469,"y":2.6296260356903078,"z":-3.4586470127105715},"rotation":{"x":0.11947477608919144,"y":-0.06250577419996262,"z":0.007536651566624641,"w":0.9908397197723389},"size":3.781264543533325,"orthographic":false}