{"cameraMode":{"drawMode":0,"name":"Shaded","section":"Shading Mode"},"sceneLighting":true,"audioPlay":false,"sceneViewState":{"showFog":true,"showMaterialUpdate":true,"showSkybox":true,"showFlares":true,"showImageEffects":true,"showParticleSystems":true,"showVisualEffectGraphs":true,"m_FxEnabled":true},"in2DMode":false,"pivot":{"x":44.42866134643555,"y":16.265810012817384,"z":51.409305572509769},"rotation":{"x":0.04947970435023308,"y":-0.001498123281635344,"z":0.00007421814370900393,"w":0.9987746477127075},"size":100.76129150390625,"orthographic":false}