{"cameraMode":{"drawMode":0,"name":"Shaded","section":"Shading Mode"},"sceneLighting":true,"audioPlay":false,"sceneViewState":{"showFog":true,"showMaterialUpdate":true,"showSkybox":true,"showFlares":true,"showImageEffects":true,"showParticleSystems":true,"showVisualEffectGraphs":true,"m_FxEnabled":true},"in2DMode":false,"pivot":{"x":53.30745315551758,"y":-0.010877609252929688,"z":-12.158638000488282},"rotation":{"x":0.16953353583812715,"y":-0.1995290219783783,"z":0.03507273271679878,"w":0.9644776582717896},"size":8.783796310424805,"orthographic":false}