{"cameraMode":{"drawMode":0,"name":"Shaded","section":"Shading Mode"},"sceneLighting":true,"audioPlay":false,"sceneViewState":{"showFog":true,"showMaterialUpdate":true,"showSkybox":true,"showFlares":true,"showImageEffects":true,"showParticleSystems":true,"showVisualEffectGraphs":true,"m_FxEnabled":true},"in2DMode":false,"pivot":{"x":32.926273345947269,"y":466.79547119140627,"z":-32.699832916259769},"rotation":{"x":0.09731391817331314,"y":0.025376196950674058,"z":-0.002481971401721239,"w":0.9949281215667725},"size":550.6332397460938,"orthographic":false}