{"cameraMode":{"drawMode":0,"name":"Shaded","section":"Shading Mode"},"sceneLighting":true,"audioPlay":false,"sceneViewState":{"showFog":true,"showMaterialUpdate":true,"showSkybox":true,"showFlares":true,"showImageEffects":true,"showParticleSystems":true,"showVisualEffectGraphs":true,"m_FxEnabled":true},"in2DMode":false,"pivot":{"x":43.870765686035159,"y":5.989489555358887,"z":-33.556312561035159},"rotation":{"x":0.11669065803289414,"y":-0.026812126860022546,"z":0.0031507674138993026,"w":0.9928046464920044},"size":14.168313980102539,"orthographic":false}