{"cameraMode":{"drawMode":0,"name":"Shaded","section":"Shading Mode"},"sceneLighting":true,"audioPlay":false,"sceneViewState":{"showFog":true,"showMaterialUpdate":true,"showSkybox":true,"showFlares":true,"showImageEffects":true,"showParticleSystems":true,"showVisualEffectGraphs":true,"m_FxEnabled":true},"in2DMode":false,"pivot":{"x":0.529998779296875,"y":117.06999969482422,"z":-14.299999237060547},"rotation":{"x":0.09742105007171631,"y":-0.3978119492530823,"z":0.04252777621150017,"w":0.9112899303436279},"size":13.608617782592774,"orthographic":false}