{"cameraMode":{"drawMode":0,"name":"Shaded","section":"Shading Mode"},"sceneLighting":true,"audioPlay":false,"sceneViewState":{"showFog":true,"showMaterialUpdate":true,"showSkybox":true,"showFlares":true,"showImageEffects":true,"showParticleSystems":true,"showVisualEffectGraphs":true,"m_FxEnabled":true},"in2DMode":false,"pivot":{"x":-11.330000877380371,"y":85.63270568847656,"z":-14.299999237060547},"rotation":{"x":-0.17144423723220826,"y":0.13694478571414948,"z":-0.024085311219096185,"w":-0.9753535389900208},"size":3.6217660903930666,"orthographic":false}