{"cameraMode":{"drawMode":0,"name":"Shaded","section":"Shading Mode"},"sceneLighting":true,"audioPlay":false,"sceneViewState":{"showFog":true,"showMaterialUpdate":true,"showSkybox":true,"showFlares":true,"showImageEffects":true,"showParticleSystems":true,"showVisualEffectGraphs":true,"m_FxEnabled":true},"in2DMode":false,"pivot":{"x":67.5519790649414,"y":8.604070663452149,"z":1.4378080368041993},"rotation":{"x":0.38425081968307497,"y":-0.020770462229847909,"z":0.008645286783576012,"w":0.9229589104652405},"size":11.543866157531739,"orthographic":false}