{"cameraMode":{"drawMode":0,"name":"Shaded","section":"Shading Mode"},"sceneLighting":true,"audioPlay":false,"sceneViewState":{"showFog":true,"showMaterialUpdate":true,"showSkybox":true,"showFlares":true,"showImageEffects":true,"showParticleSystems":true,"showVisualEffectGraphs":true,"m_FxEnabled":true},"in2DMode":false,"pivot":{"x":-4.157560348510742,"y":41.584083557128909,"z":-0.3237428665161133},"rotation":{"x":0.041679929941892627,"y":0.020681796595454217,"z":-0.000867640832439065,"w":0.998934805393219},"size":14.538759231567383,"orthographic":false}