{"cameraMode":{"drawMode":0,"name":"Shaded","section":"Shading Mode"},"sceneLighting":true,"audioPlay":false,"sceneViewState":{"showFog":true,"showMaterialUpdate":true,"showSkybox":true,"showFlares":true,"showImageEffects":true,"showParticleSystems":true,"showVisualEffectGraphs":true,"m_FxEnabled":true},"in2DMode":false,"pivot":{"x":12.728185653686524,"y":6.566650867462158,"z":27.096487045288087},"rotation":{"x":-0.07044601440429688,"y":0.1298203319311142,"z":0.009208347648382187,"w":0.9890143871307373},"size":18.543197631835939,"orthographic":false}