{"cameraMode":{"drawMode":0,"name":"Shaded","section":"Shading Mode"},"sceneLighting":true,"audioPlay":false,"sceneViewState":{"showFog":true,"showMaterialUpdate":true,"showSkybox":true,"showFlares":true,"showImageEffects":true,"showParticleSystems":true,"showVisualEffectGraphs":true,"m_FxEnabled":true},"in2DMode":false,"pivot":{"x":-10.389259338378907,"y":87.2164306640625,"z":-16.622234344482423},"rotation":{"x":0.07343259453773499,"y":0.005983920302242041,"z":-0.00044072288437746465,"w":0.9972829818725586},"size":5.4544806480407719,"orthographic":false}