{"cameraMode":{"drawMode":0,"name":"Shaded","section":"Shading Mode"},"sceneLighting":true,"audioPlay":false,"sceneViewState":{"showFog":true,"showMaterialUpdate":true,"showSkybox":true,"showFlares":true,"showImageEffects":true,"showParticleSystems":true,"showVisualEffectGraphs":true,"m_FxEnabled":true},"in2DMode":false,"pivot":{"x":-2.7304582595825197,"y":-5.725222110748291,"z":49.0836181640625},"rotation":{"x":0.04947970435023308,"y":-0.001498123281635344,"z":0.00007421814370900393,"w":0.9987746477127075},"size":29.5430850982666,"orthographic":false}