{"cameraMode":{"drawMode":0,"name":"Shaded","section":"Shading Mode"},"sceneLighting":true,"audioPlay":false,"sceneViewState":{"showFog":true,"showMaterialUpdate":true,"showSkybox":true,"showFlares":true,"showImageEffects":true,"showParticleSystems":true,"showVisualEffectGraphs":true,"m_FxEnabled":true},"in2DMode":false,"pivot":{"x":0.529998779296875,"y":96.47000122070313,"z":-14.299999237060547},"rotation":{"x":0.17016370594501496,"y":-0.00739098759368062,"z":0.0012816168600693346,"w":0.9853962063789368},"size":7.101922512054443,"orthographic":false}