{"cameraMode":{"drawMode":0,"name":"Shaded","section":"Shading Mode"},"sceneLighting":true,"audioPlay":false,"sceneViewState":{"showFog":true,"showMaterialUpdate":true,"showSkybox":true,"showFlares":true,"showImageEffects":true,"showParticleSystems":true,"showVisualEffectGraphs":true,"m_FxEnabled":true},"in2DMode":false,"pivot":{"x":-11.330000877380371,"y":118.91999816894531,"z":-14.299999237060547},"rotation":{"x":0.10422998666763306,"y":0.10422990471124649,"z":-0.010984779335558415,"w":0.9890164136886597},"size":13.022601127624512,"orthographic":false}