{"cameraMode":{"drawMode":0,"name":"Shaded","section":"Shading Mode"},"sceneLighting":true,"audioPlay":false,"sceneViewState":{"showFog":true,"showMaterialUpdate":true,"showSkybox":true,"showFlares":true,"showImageEffects":true,"showParticleSystems":true,"showVisualEffectGraphs":true,"m_FxEnabled":true},"in2DMode":false,"pivot":{"x":-3.8232195377349855,"y":90.52274322509766,"z":-13.425430297851563},"rotation":{"x":-0.034492943435907367,"y":0.005089667160063982,"z":-0.00017305012443102896,"w":-0.9993953704833984},"size":8.941449165344239,"orthographic":false}