{"cameraMode":{"drawMode":0,"name":"Shaded","section":"Shading Mode"},"sceneLighting":false,"audioPlay":false,"sceneViewState":{"showFog":true,"showMaterialUpdate":false,"showSkybox":false,"showFlares":true,"showImageEffects":true,"showParticleSystems":true,"showVisualEffectGraphs":true,"m_FxEnabled":true},"in2DMode":false,"pivot":{"x":11.190908432006836,"y":-0.8899558782577515,"z":-13.844358444213868},"rotation":{"x":0.35294538736343386,"y":0.1312999576330185,"z":-0.05009769648313522,"w":0.9250319600105286},"size":2.4432761669158937,"orthographic":false}