{"cameraMode":{"drawMode":0,"name":"Shaded","section":"Shading Mode"},"sceneLighting":false,"audioPlay":false,"sceneViewState":{"showFog":true,"showMaterialUpdate":true,"showSkybox":false,"showFlares":true,"showImageEffects":true,"showParticleSystems":true,"showVisualEffectGraphs":true,"m_FxEnabled":true},"in2DMode":false,"pivot":{"x":-12.165441513061524,"y":1.5141249895095826,"z":55.483543395996097},"rotation":{"x":0.1962350308895111,"y":-0.40616175532341006,"z":0.08976040780544281,"w":0.8879573941230774},"size":2.318899631500244,"orthographic":true}