{"cameraMode":{"drawMode":0,"name":"Shaded","section":"Shading Mode"},"sceneLighting":false,"audioPlay":false,"sceneViewState":{"showFog":true,"showMaterialUpdate":true,"showSkybox":false,"showFlares":true,"showImageEffects":true,"showParticleSystems":true,"showVisualEffectGraphs":true,"m_FxEnabled":true},"in2DMode":false,"pivot":{"x":68.87010192871094,"y":4.099356651306152,"z":0.9248453378677368},"rotation":{"x":0.08243262767791748,"y":0.42345136404037478,"z":-0.03872208669781685,"w":0.9013364911079407},"size":3.8377115726470949,"orthographic":false}