{"cameraMode":{"drawMode":0,"name":"Shaded","section":"Shading Mode"},"sceneLighting":false,"audioPlay":false,"sceneViewState":{"showFog":true,"showMaterialUpdate":true,"showSkybox":false,"showFlares":true,"showImageEffects":true,"showParticleSystems":true,"showVisualEffectGraphs":true,"m_FxEnabled":true},"in2DMode":false,"pivot":{"x":-3.7724361419677736,"y":2.7777628898620607,"z":55.838890075683597},"rotation":{"x":-0.013175508938729763,"y":-0.9770338535308838,"z":0.20304371416568757,"w":-0.0633917823433876},"size":5.966750144958496,"orthographic":false}