{"cameraMode":{"drawMode":0,"name":"Shaded","section":"Shading Mode"},"sceneLighting":false,"audioPlay":false,"sceneViewState":{"showFog":true,"showMaterialUpdate":true,"showSkybox":false,"showFlares":true,"showImageEffects":true,"showParticleSystems":true,"showVisualEffectGraphs":true,"m_FxEnabled":true},"in2DMode":false,"pivot":{"x":-6.479781627655029,"y":0.12082022428512573,"z":5.690990924835205},"rotation":{"x":0.01048771571367979,"y":0.04797897860407829,"z":-0.0005037985392846167,"w":0.9987930655479431},"size":3.010603904724121,"orthographic":false}