{"cameraMode":{"drawMode":0,"name":"Shaded","section":"Shading Mode"},"sceneLighting":false,"audioPlay":false,"sceneViewState":{"showFog":true,"showMaterialUpdate":false,"showSkybox":false,"showFlares":true,"showImageEffects":true,"showParticleSystems":true,"showVisualEffectGraphs":true,"m_FxEnabled":true},"in2DMode":false,"pivot":{"x":0.17169074714183808,"y":-0.30113905668258669,"z":0.3393421471118927},"rotation":{"x":0.22907306253910066,"y":0.22817513346672059,"z":-0.0553300566971302,"w":0.9446701407432556},"size":1.0071072578430176,"orthographic":false}