{"cameraMode":{"drawMode":0,"name":"Shaded","section":"Shading Mode"},"sceneLighting":false,"audioPlay":false,"sceneViewState":{"showFog":true,"showMaterialUpdate":true,"showSkybox":false,"showFlares":true,"showImageEffects":true,"showParticleSystems":true,"showVisualEffectGraphs":true,"m_FxEnabled":true},"in2DMode":false,"pivot":{"x":0.023577671498060228,"y":-0.23277242481708527,"z":-0.08251816034317017},"rotation":{"x":0.17016370594501496,"y":-0.00739098759368062,"z":0.0012816168600693346,"w":0.9853962063789368},"size":1.812729835510254,"orthographic":false}