{"cameraMode":{"drawMode":0,"name":"Shaded","section":"Shading Mode"},"sceneLighting":false,"audioPlay":false,"sceneViewState":{"showFog":true,"showMaterialUpdate":true,"showSkybox":false,"showFlares":true,"showImageEffects":true,"showParticleSystems":true,"showVisualEffectGraphs":true,"m_FxEnabled":true},"in2DMode":false,"pivot":{"x":-0.11328701674938202,"y":1.8664709329605103,"z":0.012095451354980469},"rotation":{"x":0.010499697178602219,"y":0.004499687347561121,"z":-0.000047251422074623406,"w":0.9999350905418396},"size":1.920729398727417,"orthographic":false}